<?xml version="1.0" encoding="UTF-8" standalone="yes"?>
<Manifest name="manifest">
    <Policies>
        <VersionInfo resourceName="add-cors" version="SHA-512:14318ec0e07a2a7ac288f32b2dac9401142e56dfe72dfe811c239e7462b933272661e493262e8380f59db0b9f48551bd63a8a61ede2f4e60ee506306c4f6d016"/>
    </Policies>
    <ProxyEndpoints/>
    <Resources/>
    <SharedFlows>
        <VersionInfo resourceName="default" version="SHA-512:b951d0b4c3004f18569d36920cca55cd71f3bc72b8ae79329a556c410c961e86d77cb386a853601e3ed2223b38fcc1fb5ef3a0c40f66ea3e31076959645c28fa"/>
    </SharedFlows>
    <TargetEndpoints/>
</Manifest>
