<?xml version="1.0" encoding="UTF-8" standalone="yes"?>
<SharedFlowBundle revision="1" name="shared-stanley-lawson">
    <ConfigurationVersion majorVersion="4" minorVersion="0"/>
    <CreatedAt>1684528890737</CreatedAt>
    <CreatedBy>opdk@google.com</CreatedBy>
    <Description></Description>
    <DisplayName>shared-stanley-lawson</DisplayName>
    <LastModifiedAt>1684528890737</LastModifiedAt>
    <LastModifiedBy>opdk@google.com</LastModifiedBy>
    <ManifestVersion>SHA-512:0e63f58281452b947c5763060633e2b2f3bdf7b666e32c328fb71ac5ab1b8dbe33b3fea9c32cb50991e6b2387874c4fdb19df719a2a119c97c68ee2ae3cfa934:dc-1</ManifestVersion>
    <Policies>
        <Policy>add-cors</Policy>
    </Policies>
    <Resources/>
    <Spec></Spec>
    <subType>SharedFlow</subType>
    <SharedFlows>
        <SharedFlow>default</SharedFlow>
    </SharedFlows>
</SharedFlowBundle>
